P7639,ACT
P6214,ACT
P6957,ACT
P7689,ACT
P7893,ACT
P3548,ACT
P6437,ACT
P9528,ACT
P3629,ACT
P9627,ACT
P5198,ACT
P9240,ACT
P2160,ACT
P6760,ACT
P8899,ACT
P8049,ACT
P4540,ACT
P9536,ACT
P9935,ACT
P4580,ACT
P9576,ACT
P5699,ACT
P7900,ACT
P2493,ACT
P7239,ACT
P5977,AAA
P1481,AAA
P3244,AAA
P8970,AAA
P8668,AAA
P2392,AAA
P5422,AAA
P4803,AAA
P4572,AAA
P5993,AAA
P8906,AAA
P8910,AAA
P9657,AAA
P8059,AAA
P2370,AAA
P6173,AAA
P7193,AAA
P3122,AAA
P4927,AAA
P8901,AAA
P3204,AAA
P2585,AAA
P2434,AAA
P1147,AAA
P1982,AAA
P2444,LOW
P8968,LOW
P9383,LOW
P6227,LOW
P8370,LOW
P3996,LOW
P7176,LOW
P7643,LOW
P4719,LOW
P3342,LOW
P5306,LOW
P6894,LOW
P5207,LOW
P8917,LOW
P6489,LOW
P5811,LOW
P9316,LOW
P2312,LOW
P8447,LOW
P5171,LOW
P6443,LOW
P1979,LOW
P6336,LOW
P4679,LOW
P6021,LOW
